{
    "n": 3,
    "k": 3,
    "confidence": 0.001,
    "mus": [
        0.801005358298914,
        0.24393248520920896,
        0.37105539551509936
    ],
    "A": [
        [
            0.24871519436227044,
            0.2481802559049871,
            0.5031045497327424
        ],
        [
            0.8452417440644975,
            0.04683629120619265,
            0.10792196472930979
        ],
        [
            0.2512874806441342,
            0.19990587902012658,
            0.5488066403357392
        ]
    ]
}