{
    "n": 5,
    "k": 3,
    "delta": 0.01,
    "means": [
        0.20519793506656614,
        0.23727795240278893,
        0.8684248932514805
    ],
    "contexts": [
        [
            0.23125919924454041,
            0.20018809935438175,
            0.5685527014010778
        ],
        [
            0.5074557734457247,
            0.22761084911092264,
            0.2649333774433527
        ],
        [
            0.24558268685658613,
            0.5517449738619576,
            0.20267233928145617
        ],
        [
            0.2244600468782238,
            0.5686546178174295,
            0.2068853353043466
        ],
        [
            0.39822055866389083,
            0.35253894363811833,
            0.2492404976979909
        ]
    ],
    "w_star": [
        0.2344588320594054,
        0.34255984134986905,
        0.42298132658106335
    ],
    "T_star": 0.03684304491123844
}