{
    "n": 6,
    "k": 3,
    "confidence": 0.001,
    "mus": [
        0.5794037701421454,
        0.9535371119278336,
        0.5350333165186427
    ],
    "A": [
        [
            0.05147415227736704,
            0.7570255225140694,
            0.19150032520856367
        ],
        [
            0.28553502798054087,
            0.06387702491760693,
            0.6505879471018523
        ],
        [
            0.401824726535273,
            0.30632085558043803,
            0.2918544178842889
        ],
        [
            0.36526240073170624,
            0.38488120192045305,
            0.24985639734784074
        ],
        [
            0.004513203835112394,
            0.06703193850557335,
            0.9284548576593142
        ],
        [
            0.2129321943766444,
            0.3222402141646665,
            0.4648275914586891
        ]
    ]
}