{
    "n": 3,
    "k": 2,
    "confidence": 0.001,
    "mus": [
        0.1954219510562999,
        0.9337484150895659
    ],
    "A": [
        [
            0.9778239532579088,
            0.022176046742091206
        ],
        [
            0.688170855545428,
            0.31182914445457194
        ],
        [
            0.5358411288262772,
            0.46415887117372273
        ]
    ]
}