{
    "n": 9,
    "k": 2,
    "confidence": 0.001,
    "mus": [
        0.9359045139940168,
        0.14100557406944147
    ],
    "A": [
        [
            0.21438128417831545,
            0.7856187158216845
        ],
        [
            0.44642709642987427,
            0.5535729035701258
        ],
        [
            0.16433858503577053,
            0.8356614149642294
        ],
        [
            0.4527602287154102,
            0.5472397712845897
        ],
        [
            0.6522392943449287,
            0.3477607056550714
        ],
        [
            0.9504505129385361,
            0.04954948706146391
        ],
        [
            0.7489704492731967,
            0.2510295507268032
        ],
        [
            0.4597042286596793,
            0.5402957713403207
        ],
        [
            0.863371190604729,
            0.13662880939527103
        ]
    ]
}