{
    "n": 9,
    "k": 4,
    "confidence": 0.001,
    "mus": [
        0.20386128437517448,
        0.5893523349887024,
        0.24335627824071215,
        0.03153045087176021
    ],
    "A": [
        [
            0.00745955428785402,
            0.35136981238967724,
            0.0639373228365762,
            0.5772333104858925
        ],
        [
            0.2742696248495356,
            0.32270977726187927,
            0.11414881718142042,
            0.2888717807071648
        ],
        [
            0.09954584600597019,
            0.6670471510224212,
            0.21884511229431206,
            0.014561890677296681
        ],
        [
            0.3486071132009934,
            0.29425258371312224,
            0.19340094915642994,
            0.16373935392945443
        ],
        [
            0.12983547500070666,
            0.10372417117827386,
            0.2613752075388099,
            0.5050651462822096
        ],
        [
            0.19289375351758775,
            0.19623030534142957,
            0.3621928717220646,
            0.24868306941891805
        ],
        [
            0.02237913444535903,
            0.34743500540200667,
            0.3598098857717251,
            0.27037597438090927
        ],
        [
            0.25963912062325106,
            0.161723518330739,
            0.3039697687969835,
            0.27466759224902654
        ],
        [
            0.2071061710751091,
            0.36562813276925865,
            0.04276980532657155,
            0.3844958908290607
        ]
    ]
}