{
    "n": 2,
    "k": 3,
    "confidence": 0.01,
    "mus": [
        0.6836760052801285,
        0.4822563990463741,
        0.03806509458284357
    ],
    "A": [
        [
            0.35151924633620657,
            0.3495023091684349,
            0.29897844449535854
        ],
        [
            0.08808166515970907,
            0.5969037116131198,
            0.31501462322717116
        ]
    ]
}