{
    "n": 12,
    "k": 2,
    "confidence": 0.001,
    "mus": [
        0.9718986573137594,
        0.3637934066573576
    ],
    "A": [
        [
            0.30265556302749996,
            0.6973444369725
        ],
        [
            0.5098801255684279,
            0.4901198744315721
        ],
        [
            0.16471109449308938,
            0.8352889055069106
        ],
        [
            0.03885790849225008,
            0.9611420915077499
        ],
        [
            0.40172465683002173,
            0.5982753431699782
        ],
        [
            0.3519548446044942,
            0.6480451553955058
        ],
        [
            0.758398666143251,
            0.24160133385674892
        ],
        [
            0.28134473088891443,
            0.7186552691110856
        ],
        [
            0.5419651446611088,
            0.4580348553388911
        ],
        [
            0.02227411741018645,
            0.9777258825898135
        ],
        [
            0.28233250197674226,
            0.7176674980232577
        ],
        [
            0.35153997001910153,
            0.6484600299808986
        ]
    ]
}