{
    "n": 12,
    "k": 3,
    "confidence": 0.001,
    "mus": [
        0.206025713560419,
        0.5848662460443493,
        0.16432465306999255
    ],
    "A": [
        [
            0.3523544882664828,
            0.5899537873992584,
            0.05769172433425874
        ],
        [
            0.223914001409299,
            0.3617625719989558,
            0.4143234265917452
        ],
        [
            0.2826688640581767,
            0.39078713919230856,
            0.32654399674951473
        ],
        [
            0.33658706673516914,
            0.33984447390568856,
            0.3235684593591423
        ],
        [
            0.5790621901209975,
            0.3104818053139551,
            0.1104560045650475
        ],
        [
            0.5300256021092532,
            0.002229115935637425,
            0.46774528195510934
        ],
        [
            0.33777470708875545,
            0.36877312001970286,
            0.2934521728915418
        ],
        [
            0.4091257685701376,
            0.46796072015890317,
            0.12291351127095941
        ],
        [
            0.2493522794544273,
            0.14426558605262937,
            0.6063821344929433
        ],
        [
            0.48584737237279096,
            0.17732600542979163,
            0.3368266221974174
        ],
        [
            0.6381510195323252,
            0.24136865465863874,
            0.12048032580903582
        ],
        [
            0.32732029780017124,
            0.22260513100847443,
            0.45007457119135424
        ]
    ]
}