{
    "n": 2,
    "k": 3,
    "confidence": 0.1,
    "mus": [
        0.20519793506656614,
        0.7727795240278893,
        0.184248932514805
    ],
    "A": [
        [
            0.33125919924454041,
            0.10018809935438175,
            0.5685527014010778
        ],
        [
            0.4074557734457247,
            0.22761084911092264,
            0.3649333774433527
        ]
    ],
    "w_star": [],
    "T_star": 0 
}
