{
    "n": 9,
    "k": 2,
    "confidence": 0.001,
    "mus": [
        0.016353885315400496,
        0.7553747278244258
    ],
    "A": [
        [
            0.7735112776938949,
            0.226488722306105
        ],
        [
            0.12968491942599583,
            0.8703150805740042
        ],
        [
            0.46610430639016015,
            0.5338956936098397
        ],
        [
            0.08745879586980387,
            0.9125412041301961
        ],
        [
            0.7967826795192614,
            0.20321732048073862
        ],
        [
            0.5720966347270718,
            0.42790336527292816
        ],
        [
            0.08365778043298791,
            0.9163422195670121
        ],
        [
            0.9408440452810388,
            0.05915595471896123
        ],
        [
            0.8870241203294954,
            0.11297587967050468
        ]
    ]
}