{
    "n": 9,
    "k": 3,
    "confidence": 0.001,
    "mus": [
        0.7499027974469693,
        0.42241023803717903,
        0.15776284483670067
    ],
    "A": [
        [
            0.32837631299351805,
            0.3001121692944654,
            0.37151151771201657
        ],
        [
            0.2589859938035242,
            0.35641480514070195,
            0.38459920105577383
        ],
        [
            0.4174543772647961,
            0.14145801700078198,
            0.4410876057344219
        ],
        [
            0.6687867729569753,
            0.30519401255830275,
            0.026019214484721994
        ],
        [
            0.3625596193720757,
            0.34621592507040605,
            0.29122445555751825
        ],
        [
            0.3344219663770553,
            0.45518157330738573,
            0.210396460315559
        ],
        [
            0.3683562271585805,
            0.1377274416884801,
            0.49391633115293937
        ],
        [
            0.4118067422408447,
            0.23943226060861963,
            0.34876099715053566
        ],
        [
            0.3153749846271323,
            0.4380798858318791,
            0.24654512954098856
        ]
    ]
}