{
    "n": 2,
    "k": 3,
    "confidence": 0.01,
    "mus": [
        0.20519793506656614,
        0.23727795240278893,
        0.8684248932514805
    ],
    "A": [
        [
            0.23125919924454041,
            0.20018809935438175,
            0.5685527014010778
        ],
        [
            0.5074557734457247,
            0.22761084911092264,
            0.2649333774433527
        ]
    ],
    "w_star": [],
    "T_star": 0 
}
