{
    "n": 6,
    "k": 2,
    "confidence": 0.001,
    "mus": [
        0.4558995221330756,
        0.06894752389598291
    ],
    "A": [
        [
            0.7529392129074748,
            0.24706078709252519
        ],
        [
            0.4420844762247262,
            0.5579155237752739
        ],
        [
            0.48722946467703915,
            0.5127705353229609
        ],
        [
            0.3858339985216305,
            0.6141660014783696
        ],
        [
            0.3042496710068612,
            0.6957503289931389
        ],
        [
            0.6374505194063717,
            0.36254948059362846
        ]
    ]
}