{
    "n": 5,
    "k": 5,
    "confidence": 0.01,
    "mus": [
        0.8782919849430129,
        0.09422351261537909,
        0.823877944350144,
        0.06692899448041945,
        0.1225679991221944
    ],
    "A": [
        [
            0.2273398894385664,
            0.167983846646849,
            0.10494561002643595,
            0.28893956661073156,
            0.21079108727741713
        ],
        [
            0.11921416542126646,
            0.12198918859347209,
            0.09838609406614619,
            0.3419510364679346,
            0.3184595154511807
        ],
        [
            0.17499561350763285,
            0.2783530769504082,
            0.08668620308588065,
            0.2189757701397709,
            0.24098933631630742
        ],
        [
            0.31345892076741694,
            0.2261119576726605,
            0.2830117169131036,
            0.08957099432701925,
            0.08784641031979969
        ],
        [
            0.22979253194363763,
            0.2347533263796775,
            0.07630489052611689,
            0.25077806491070814,
            0.20837118623985984
        ]
    ]
}