{
    "n": 6,
    "k": 4,
    "confidence": 0.001,
    "mus": [
        0.40849280643524477,
        0.30468719003652744,
        0.5789045023861937,
        0.4235006843676551
    ],
    "A": [
        [
            0.5508147351727029,
            0.23227069626763658,
            0.06226317935531005,
            0.15465138920435056
        ],
        [
            0.12352160410585411,
            0.42691294171311467,
            0.4190693155115493,
            0.030496138669481917
        ],
        [
            0.3914461387209135,
            0.12620154335987802,
            0.32903117791811914,
            0.15332114000108923
        ],
        [
            0.37001254411848983,
            0.0675435555548592,
            0.47598007313405793,
            0.08646382719259306
        ],
        [
            0.021120599154501377,
            0.32509465248046127,
            0.025080667917974597,
            0.6287040804470628
        ],
        [
            0.12733336562523512,
            0.43320632355984773,
            0.33300239341774246,
            0.10645791739717468
        ]
    ]
}