{
    "n": 3,
    "k": 4,
    "confidence": 0.001,
    "mus": [
        0.4790140076024336,
        0.7811153715441022,
        0.028144432440478595,
        0.05539130141947324
    ],
    "A": [
        [
            0.09970427269409142,
            0.4428046331871117,
            0.026083234886883633,
            0.43140785923191327
        ],
        [
            0.12667992309972056,
            0.0483406710339733,
            0.3337393520350353,
            0.49124005383127084
        ],
        [
            0.2701401752276228,
            0.1972873137638513,
            0.3383733739601206,
            0.19419913704840516
        ]
    ]
}